{
    "training_accuracy": 0.7368420958518982,
    "validation_accuracy": 0.0,
    "training_loss": 0.4342823028564453,
    "validation_loss": 1.79954195022583,
    "num_classes": 2,
    "data_length": 21
}